Date,Open,High,Low,Close,Volume,Adj Close,returns,z,miu,sigma
29-04-16,93.989998,94.720001,92.510002,93.739998,68531500,93.172721,0,0.019238658,-0.000308646,0.016043024
28-04-16,97.610001,97.879997,94.25,94.830002,82242700,94.256129,0.011627953,0.744036742,,
27-04-16,96,98.709999,95.68,97.82,114602100,97.228032,0.031530077,1.9845837,,
26-04-16,103.910004,105.300003,103.910004,104.349998,56016200,103.718514,0.066755254,4.180253179,,
25-04-16,105,105.650002,104.510002,105.080002,28031600,104.4441,0.006995723,0.455298794,,
22-04-16,105.010002,106.480003,104.620003,105.68,33683100,105.040467,0.005709916,0.375151345,,
21-04-16,106.93,106.93,105.519997,105.970001,31552500,105.328713,0.002744142,0.190287612,,
20-04-16,106.639999,108.089996,106.059998,107.129997,30611000,106.481689,0.010946455,0.701557346,,
19-04-16,107.879997,108,106.230003,106.910004,32384900,106.263027,-0.002053517,-0.108761988,,
18-04-16,108.889999,108.949997,106.940002,107.480003,60821500,106.829577,0.005331582,0.35156888,,
15-04-16,112.110001,112.300003,109.730003,109.849998,46939000,109.18523,0.022050569,1.393703341,,
14-04-16,111.620003,112.389999,111.330002,112.099998,25473900,111.421614,0.020482477,1.295960417,,
13-04-16,110.800003,112.339996,110.800003,112.040001,33257300,111.36198,-0.00053521,-0.014122281,,
12-04-16,109.339996,110.5,108.660004,110.440002,27232300,109.771664,-0.014280601,-0.870905326,,
11-04-16,108.970001,110.610001,108.830002,109.019997,29407500,108.360251,-0.012857717,-0.782213573,,
08-04-16,108.910004,109.769997,108.169998,108.660004,23581700,108.002437,-0.003302078,-0.186587754,,
07-04-16,109.949997,110.419998,108.120003,108.540001,31801900,107.88316,-0.001104392,-0.049600718,,
06-04-16,110.230003,110.980003,109.199997,110.959999,26404100,110.288514,0.022295917,1.408996455,,
05-04-16,109.510002,110.730003,109.419998,109.809998,26578700,109.145471,-0.010364116,-0.626781485,,
04-04-16,110.419998,112.190002,110.269997,111.120003,37356200,110.447549,0.011929748,0.762848379,,
01-04-16,108.779999,110,108.199997,109.989998,25874000,109.324382,-0.010169234,-0.614634014,,
31-03-16,109.720001,109.900002,108.879997,108.989998,25888400,108.330434,-0.009091732,-0.547470733,,
30-03-16,108.650002,110.419998,108.599998,109.559998,45601100,108.896984,0.005229832,0.345226601,,
29-03-16,104.889999,107.790001,104.879997,107.68,31190100,107.028364,-0.01715952,-1.050355243,,
28-03-16,106,106.190002,105.059998,105.190002,19411400,104.553435,-0.023124048,-1.422138496,,
24-03-16,105.470001,106.25,104.889999,105.669998,26133000,105.030526,0.004563131,0.303669506,,
23-03-16,106.480003,107.07,105.900002,106.129997,25703500,105.487741,0.004353163,0.290581711,,
22-03-16,105.25,107.290001,105.209999,106.720001,32444400,106.074174,0.005559253,0.365760158,,
21-03-16,105.93,107.650002,105.139999,105.910004,35502700,105.269079,-0.007589925,-0.453859489,,
18-03-16,106.339996,106.5,105.190002,105.919998,44205200,105.279013,9.43677E-05,0.025120822,,
17-03-16,105.519997,106.470001,104.959999,105.800003,34420700,105.159744,-0.001132885,-0.051376762,,
16-03-16,104.610001,106.309998,104.589996,105.970001,38303500,105.328713,0.001606784,0.119393348,,
15-03-16,103.959999,105.18,103.849998,104.580002,40067700,103.947125,-0.013116917,-0.798370131,,
14-03-16,101.910004,102.910004,101.779999,102.519997,25076100,101.899587,-0.01969788,-1.208577276,,
11-03-16,102.239998,102.279999,101.5,102.260002,27408200,101.641166,-0.002536036,-0.138838513,,
10-03-16,101.410004,102.239998,100.150002,101.169998,33513600,100.557758,-0.010659146,-0.645171366,,
09-03-16,101.309998,101.580002,100.269997,101.120003,27201700,100.508065,-0.000494174,-0.01156437,,
08-03-16,100.779999,101.760002,100.400002,101.029999,31561900,100.418606,-0.000890068,-0.036241399,,
07-03-16,102.389999,102.830002,100.959999,101.870003,35828900,101.253526,0.008314395,0.537494795,,
04-03-16,102.370003,103.75,101.370003,103.010002,46055100,102.386627,0.011190731,0.71678368,,
03-03-16,100.580002,101.709999,100.449997,101.5,36955700,100.885763,-0.014658789,-0.894478713,,
02-03-16,100.510002,100.889999,99.639999,100.75,33169600,100.140301,-0.007389169,-0.441345932,,
01-03-16,97.650002,100.769997,97.419998,100.529999,50407100,99.921631,-0.002183636,-0.116872613,,
29-02-16,96.860001,98.230003,96.650002,96.690002,35216300,96.104873,-0.038197515,-2.361703731,,
26-02-16,97.199997,98.019997,96.580002,96.910004,28991100,96.323543,0.002275327,0.161065219,,
25-02-16,96.050003,96.760002,95.25,96.760002,27582700,96.174449,-0.001547846,-0.077242275,,
24-02-16,93.980003,96.379997,93.32,96.099998,36255700,95.51844,-0.006821032,-0.40593257,,
23-02-16,96.400002,96.5,94.550003,94.690002,31942600,94.116976,-0.014672183,-0.895313549,,
22-02-16,96.309998,96.900002,95.919998,96.879997,34280800,96.293718,0.023128049,1.460865198,,
19-02-16,96,96.760002,95.800003,96.040001,35374200,95.458805,-0.008670483,-0.521213237,,
18-02-16,98.839996,98.889999,96.089996,96.260002,39021000,95.677475,0.002290726,0.162025106,,
17-02-16,96.669998,98.209999,96.150002,98.120003,44863200,97.52622,0.019322678,1.223667325,,
16-02-16,95.019997,96.849998,94.610001,96.639999,49057900,96.055173,-0.015083605,-0.920958499,,
12-02-16,94.190002,94.5,93.010002,93.989998,40351400,93.421208,-0.027421376,-1.690001225,,
11-02-16,93.790001,94.720001,92.589996,93.699997,50074700,93.132962,-0.003085445,-0.173084502,,
10-02-16,95.919998,96.349998,94.099998,94.269997,42343600,93.699512,0.006083238,0.398421437,,
09-02-16,94.290001,95.940002,93.93,94.989998,44331200,94.415156,0.007637649,0.495311582,,
08-02-16,93.129997,95.699997,93.040001,95.010002,54021400,94.43504,0.000210602,0.032365971,,
05-02-16,96.519997,96.919998,93.690002,94.019997,46418100,93.451025,-0.01042002,-0.630266085,,
04-02-16,95.860001,97.330002,95.190002,96.599998,46471700,96.015414,0.027440994,1.729701377,,
03-02-16,95,96.839996,94.080002,96.349998,45964300,95.250077,-0.007970981,-0.477611609,,
02-02-16,95.419998,96.040001,94.279999,94.480003,37357200,93.401429,-0.019408362,-1.190530941,,
01-02-16,96.470001,96.709999,95.400002,96.43,40943500,95.329165,0.020639256,1.305732803,,
29-01-16,94.790001,97.339996,94.349998,97.339996,64416500,96.228773,0.00943686,0.607460703,,
28-01-16,93.790001,94.519997,92.389999,94.089996,55678800,93.015874,-0.033388132,-2.061923411,,
27-01-16,96.040001,96.629997,93.339996,93.419998,133369700,92.353525,-0.007120817,-0.42461887,,
26-01-16,99.93,100.879997,98.07,99.989998,75077000,98.848522,0.070327548,4.402922808,,
25-01-16,101.519997,101.529999,99.209999,99.440002,51794500,98.304805,-0.005500507,-0.323621095,,
22-01-16,98.629997,101.459999,98.370003,101.419998,65800500,100.262198,0.019911468,1.260368053,,
21-01-16,97.059998,97.879997,94.940002,96.300003,52161500,95.200652,-0.050483094,-3.127493248,,
20-01-16,95.099998,98.190002,93.419998,96.790001,72334400,95.685056,0.005088242,0.33640097,,
19-01-16,98.410004,98.650002,95.5,96.660004,53087700,95.556543,-0.001343083,-0.064478933,,
15-01-16,96.199997,97.709999,95.360001,97.129997,79833900,96.021171,0.004862336,0.322319668,,
14-01-16,97.959999,100.480003,95.739998,99.519997,63170100,98.383886,0.024606188,1.553001166,,
13-01-16,100.32,101.190002,97.300003,97.389999,62439600,96.278205,-0.021402702,-1.314842906,,
12-01-16,100.550003,100.690002,98.839996,99.959999,49154200,98.818866,0.026388745,1.664112193,,
11-01-16,98.970001,99.059998,97.339996,98.529999,49739400,97.40519,-0.01430573,-0.872471668,,
08-01-16,98.550003,99.110001,96.760002,96.959999,70798000,95.853114,-0.015934223,-0.973979526,,
07-01-16,98.68,100.129997,96.43,96.449997,81094400,95.348934,-0.005259923,-0.308624912,,
06-01-16,100.559998,102.370003,99.870003,100.699997,68457400,99.550416,0.044064279,2.765870446,,
05-01-16,105.75,105.849998,102.410004,102.709999,55791000,101.537472,0.019960298,1.26341175,,
04-01-16,102.610001,105.370003,102,105.349998,67649400,104.147334,0.025703437,1.621395299,,
31-12-15,107.010002,107.029999,104.82,105.260002,40912300,104.058365,-0.000854261,-0.034009468,,
30-12-15,108.580002,108.699997,107.18,107.32,25213800,106.094845,0.019570555,1.239118145,,
29-12-15,106.959999,109.43,106.860001,108.739998,30931200,107.498633,0.013231444,0.843986181,,
28-12-15,107.589996,107.690002,106.18,106.82,26704200,105.600553,-0.017656783,-1.081350799,,
24-12-15,109,109,107.949997,108.029999,13596700,106.796739,0.01132746,0.725306285,,
23-12-15,107.269997,108.849998,107.199997,108.610001,32657400,107.37012,0.0053689,0.353895018,,
22-12-15,107.400002,107.720001,106.449997,107.230003,32789400,106.005876,-0.012705993,-0.772756252,,
21-12-15,107.279999,107.370003,105.57,107.330002,47590600,106.104733,0.000932562,0.077367446,,
18-12-15,108.910004,109.519997,105.809998,106.029999,96453300,104.819571,-0.012112202,-0.73574386,,
17-12-15,112.019997,112.25,108.980003,108.980003,44772800,107.735899,0.027822362,1.753472938,,
16-12-15,111.07,111.989998,108.800003,111.339996,56238500,110.06895,0.021655279,1.369063975,,
15-12-15,111.940002,112.800003,110.349998,110.489998,52978100,109.228655,-0.00763426,-0.456623021,,
14-12-15,112.18,112.68,109.790001,112.480003,64318700,111.195943,0.018010732,1.141890605,,
11-12-15,115.190002,115.389999,112.849998,113.18,46886200,111.887949,0.006223303,0.40715198,,
10-12-15,116.040001,116.940002,115.510002,116.169998,29212700,114.843813,0.026418073,1.665940276,,
09-12-15,117.639999,117.690002,115.080002,115.620003,46361400,114.300096,-0.004734404,-0.275868052,,
08-12-15,117.519997,118.599998,116.860001,118.230003,34309500,116.880302,0.022573962,1.42632764,,
07-12-15,118.980003,119.860001,117.809998,118.279999,32084200,116.929726,0.00042286,0.04559653,,
04-12-15,115.290001,119.25,115.110001,119.029999,57777000,117.671164,0.006340885,0.414481202,,
03-12-15,116.550003,116.790001,114.220001,115.199997,41569500,113.884885,-0.032176779,-1.986416847,,
02-12-15,117.339996,118.110001,116.080002,116.279999,33386600,114.952558,0.009375019,0.603606017,,
01-12-15,118.75,118.809998,116.860001,117.339996,34852400,116.000455,0.009115908,0.587455018,,
30-11-15,117.989998,119.410004,117.75,118.300003,39180300,116.949502,0.008181408,0.529205342,,
27-11-15,118.290001,118.410004,117.599998,117.809998,13046400,116.465091,-0.004142053,-0.238945384,,
25-11-15,119.209999,119.230003,117.919998,118.029999,21388300,116.68258,0.001867418,0.135639281,,
24-11-15,117.330002,119.349998,117.120003,118.879997,42803200,117.522875,0.007201546,0.468128247,,
23-11-15,119.269997,119.730003,117.339996,117.75,32482500,116.405778,-0.009505358,-0.57325302,,
20-11-15,119.199997,119.919998,118.849998,119.300003,34287100,117.938086,0.013163505,0.839751359,,
19-11-15,117.639999,119.75,116.760002,118.779999,43295800,117.424018,-0.004358796,-0.252455482,,
18-11-15,115.760002,117.489998,115.5,117.290001,46674700,115.95103,-0.01254418,-0.762670048,,
17-11-15,114.919998,115.050003,113.32,113.690002,27616900,112.392129,-0.030693138,-1.893937998,,
16-11-15,111.379997,114.239998,111,114.18,38106700,112.876533,0.004309946,0.287887888,,
13-11-15,115.199997,115.57,112.269997,112.339996,45812400,111.057534,-0.016114944,-0.985244306,,
12-11-15,116.260002,116.82,115.650002,115.720001,32525600,114.398953,0.030087279,1.89465065,,
11-11-15,116.370003,117.419998,115.209999,116.110001,45218000,114.784501,0.003370206,0.229311631,,
10-11-15,116.900002,118.07,116.059998,116.769997,59127900,115.436962,0.005684226,0.373550024,,
09-11-15,120.959999,121.809998,120.050003,120.57,33871400,119.193585,0.032542636,2.047698906,,
06-11-15,121.110001,121.809998,120.620003,121.059998,33042300,119.677989,0.004064011,0.272558154,,
05-11-15,121.849998,122.690002,120.18,120.919998,39552700,119.539588,-0.001156445,-0.052845316,,
04-11-15,123.129997,123.82,121.620003,122,44886100,120.09319,0.004631119,0.307907342,,
03-11-15,120.790001,123.489998,120.699997,122.57,45519000,120.654281,0.00467213,0.310463688,,
02-11-15,120.800003,121.360001,119.610001,121.18,32203300,119.286007,-0.011340451,-0.687638772,,
30-10-15,120.989998,121.220001,119.449997,119.5,49365300,117.632264,-0.01386368,-0.84491763,,
29-10-15,118.699997,120.690002,118.269997,120.529999,51227300,118.646164,0.008619234,0.556496105,,
28-10-15,116.93,119.300003,116.059998,119.269997,85551400,117.405856,-0.01045384,-0.632374162,,
27-10-15,115.400002,116.540001,113.989998,114.550003,69884400,112.759634,-0.039574023,-2.447504739,,
26-10-15,118.080002,118.129997,114.919998,115.279999,66333800,113.47822,0.006372724,0.416465759,,
23-10-15,116.699997,119.230003,116.330002,119.080002,59366900,117.21883,0.032963242,2.073916287,,
22-10-15,114.330002,115.5,114.099998,115.5,41654100,113.694782,-0.030063839,-1.854712251,,
21-10-15,114,115.580002,113.699997,113.760002,41795200,111.98198,-0.015064913,-0.919793369,,
20-10-15,111.339996,114.169998,110.82,113.769997,48967800,111.991818,8.78534E-05,0.024714772,,
19-10-15,110.800003,111.75,110.110001,111.730003,29759200,109.983709,-0.017930855,-1.098434355,,
16-10-15,111.779999,112,110.529999,111.040001,38236300,109.304491,-0.006175624,-0.365702725,,
15-10-15,110.93,112.099998,110.489998,111.860001,37673500,110.111675,0.007384729,0.479546438,,
14-10-15,111.290001,111.519997,109.559998,110.209999,44462400,108.487462,-0.014750598,-0.900201334,,
13-10-15,110.82,112.449997,110.68,111.790001,33049300,110.042769,0.014336283,0.912853461,,
12-10-15,112.730003,112.75,111.440002,111.599998,30467200,109.855736,-0.001699639,-0.086703912,,
09-10-15,110,112.279999,109.489998,112.120003,52766100,110.367613,0.004659538,0.30967881,,
08-10-15,110.190002,110.190002,108.209999,109.5,61979600,107.78856,-0.023367843,-1.437334807,,
07-10-15,111.739998,111.769997,109.410004,110.779999,46765600,109.048553,0.011689487,0.747872333,,
06-10-15,110.629997,111.739998,109.769997,111.309998,48857000,109.570268,0.004784245,0.317452085,,
05-10-15,109.879997,111.370003,109.07,110.779999,52064700,109.048553,-0.004761465,-0.277554836,,
02-10-15,108.010002,111.010002,107.550003,110.379997,58019800,108.654803,-0.003610777,-0.205829697,,
01-10-15,109.07,109.620003,107.309998,109.580002,63929100,107.867311,-0.00724765,-0.432524695,,
30-09-15,110.169998,111.540001,108.730003,110.300003,66473000,108.576059,0.006570554,0.428796995,,
29-09-15,112.830002,113.510002,107.860001,109.059998,73365400,107.355435,-0.01124211,-0.681508923,,
28-09-15,113.849998,114.57,112.440002,112.440002,52109000,110.682611,0.030992152,1.951053576,,
25-09-15,116.440002,116.690002,114.019997,114.709999,56151900,112.917129,0.020188519,1.277637294,,
24-09-15,113.25,115.5,112.370003,115,50219500,113.202597,0.00252812,0.17682239,,
23-09-15,113.629997,114.720001,113.300003,114.32,35756700,112.533225,-0.005913045,-0.349335539,,
22-09-15,113.379997,114.18,112.519997,113.400002,50346200,111.627606,-0.00804757,-0.482385608,,
21-09-15,113.669998,115.370003,113.660004,115.209999,50222000,113.409314,0.015961177,1.014136975,,
18-09-15,112.209999,114.300003,111.870003,113.449997,74285300,111.67682,-0.01527647,-0.932980231,,
17-09-15,115.660004,116.489998,113.720001,113.919998,64112600,112.139475,0.004142802,0.277469433,,
16-09-15,116.25,116.540001,115.440002,116.410004,37173500,114.590563,0.021857495,1.381668545,,
15-09-15,115.93,116.529999,114.419998,116.279999,43341200,114.46259,-0.001116785,-0.050373208,,
14-09-15,116.580002,116.889999,114.860001,115.309998,58363400,113.50775,-0.008341939,-0.500734365,,
11-09-15,111.790001,114.209999,111.760002,114.209999,49915500,112.424944,-0.00953949,-0.575380524,,
10-09-15,110.269997,113.279999,109.900002,112.57,62892800,110.810577,-0.014359509,-0.875823854,,
09-09-15,113.760002,114.019997,109.769997,110.150002,85010800,108.428402,-0.021497722,-1.320765738,,
08-09-15,111.75,112.559998,110.32,112.309998,54843600,110.554638,0.019609585,1.241550971,,
04-09-15,108.970001,110.449997,108.510002,109.269997,49996300,107.562151,-0.027067946,-1.667971115,,
03-09-15,112.489998,112.779999,110.040001,110.370003,53233900,108.644965,0.010066868,0.646730611,,
02-09-15,110.230003,112.339996,109.129997,112.339996,61888800,110.584168,0.017848991,1.131808919,,
01-09-15,110.150002,111.879997,107.360001,107.720001,76845900,106.036382,-0.041125109,-2.544187681,,
31-08-15,112.029999,114.529999,112,112.760002,56229300,110.99761,0.046787979,2.935645187,,
28-08-15,112.169998,113.309998,111.540001,113.290001,53164400,111.519325,0.004700236,0.312215621,,
27-08-15,112.230003,113.239998,110.019997,112.919998,84616100,111.155105,-0.003265981,-0.184337744,,
26-08-15,107.089996,109.889999,105.050003,109.690002,96774600,107.975593,-0.028604282,-1.76373461,,
25-08-15,111.110001,111.110001,103.5,103.739998,103601600,102.118584,-0.054243823,-3.361908479,,
24-08-15,94.870003,108.800003,92,103.120003,162206300,101.508279,-0.005976434,-0.353286768,,
21-08-15,110.43,111.900002,105.650002,105.760002,128275500,104.107017,0.025601242,1.61502524,,
20-08-15,114.080002,114.349998,111.629997,112.650002,68501600,110.889328,0.065147491,4.080037479,,
19-08-15,116.099998,116.519997,114.68,115.010002,47445700,113.212443,0.020949852,1.32509299,,
18-08-15,116.43,117.440002,116.010002,116.5,34560700,114.679153,0.012955378,0.826778331,,
17-08-15,116.040001,117.650002,115.5,117.160004,40884700,115.328841,0.005665267,0.372368277,,
14-08-15,114.32,116.309998,114.010002,115.959999,42929500,114.147592,-0.010242442,-0.619197246,,
13-08-15,116.040001,116.400002,114.540001,115.150002,48535800,113.350254,-0.00698515,-0.416162405,,
12-08-15,112.529999,115.419998,109.629997,115.239998,101217500,113.438844,0.00078156,0.067955147,,
11-08-15,117.809998,118.18,113.330002,113.489998,97082800,111.716196,-0.015185698,-0.927322172,,
10-08-15,116.529999,119.989998,116.529999,119.720001,54951600,117.848827,0.054894735,3.440958684,,
07-08-15,114.580002,116.25,114.5,115.519997,38670400,113.714467,-0.035081894,-2.167499598,,
06-08-15,115.970001,116.5,114.120003,115.129997,52903000,113.330563,-0.003376035,-0.19119766,,
05-08-15,112.949997,117.440002,112.099998,115.400002,99312600,113.084479,-0.002171382,-0.116108801,,
04-08-15,117.419998,117.699997,113.25,114.639999,124138600,112.339726,-0.006585811,-0.391270676,,
03-08-15,121.5,122.57,117.519997,118.440002,69976000,116.063481,0.033147268,2.08538708,,
31-07-15,122.599998,122.639999,120.910004,121.300003,42885000,118.866096,0.02414726,1.524395049,,
30-07-15,122.32,122.57,121.709999,122.370003,33628300,119.914626,0.008821102,0.569079048,,
29-07-15,123.150002,123.5,122.269997,122.989998,37011700,120.52218,0.005066555,0.335049114,,
28-07-15,123.379997,123.910004,122.550003,123.379997,33618100,120.904354,0.003170985,0.216893718,,
27-07-15,123.089996,123.610001,122.120003,122.769997,44455500,120.306594,-0.004944073,-0.288937251,,
24-07-15,125.32,125.739998,123.900002,124.5,42162300,122.001884,0.014091414,0.897590154,,
23-07-15,126.199997,127.089996,125.059998,125.160004,50999500,122.648645,0.005301238,0.349677479,,
22-07-15,121.989998,125.5,121.989998,125.220001,115450600,122.707438,0.000479361,0.049118387,,
21-07-15,132.850006,132.919998,130.320007,130.75,76756400,128.126477,0.04416227,2.771978475,,
20-07-15,130.970001,132.970001,130.699997,132.070007,58900200,129.419998,0.010095657,0.648525101,,
17-07-15,129.080002,129.619995,128.309998,129.619995,46164700,127.019145,-0.018550866,-1.13708113,,
16-07-15,127.739998,128.570007,127.349998,128.509995,36222400,125.931417,-0.008563496,-0.51454454,,
15-07-15,125.720001,127.150002,125.580002,126.82,33649200,124.275333,-0.013150682,-0.800474767,,
14-07-15,126.040001,126.370003,125.040001,125.610001,31768100,123.089612,-0.009541081,-0.575479711,,
13-07-15,125.029999,125.760002,124.32,125.660004,41440500,123.138612,0.000398084,0.044052183,,
10-07-15,121.940002,123.849998,121.209999,123.279999,61354500,120.806362,-0.018940038,-1.161339175,,
09-07-15,123.849998,124.059998,119.220001,120.07,77821600,117.660773,-0.026038273,-1.603789102,,
08-07-15,124.480003,124.639999,122.540001,122.57,60761600,120.11061,0.020821187,1.317073022,,
07-07-15,125.889999,126.150002,123.769997,125.690002,46946800,123.168009,0.025454862,1.605901033,,
06-07-15,124.940002,126.230003,124.849998,126,28060400,123.471786,0.002466363,0.172972948,,
02-07-15,126.43,126.690002,125.769997,126.440002,27211000,123.90296,0.003492085,0.236908675,,
01-07-15,126.900002,126.940002,125.989998,126.599998,30238800,124.059746,0.001265393,0.098113659,,
30-06-15,125.57,126.120003,124.860001,125.43,44370700,122.913224,-0.009241692,-0.556818107,,
29-06-15,125.459999,126.470001,124.480003,124.529999,49161400,122.031281,-0.00717533,-0.428016836,,
26-06-15,127.669998,127.989998,126.510002,126.75,44066800,124.206737,0.017827036,1.130440392,,
25-06-15,128.860001,129.199997,127.5,127.5,31938100,124.941688,0.005917159,0.388069313,,
24-06-15,127.209999,129.800003,127.120003,128.110001,55280900,125.539449,0.00478432,0.317456748,,
23-06-15,127.480003,127.610001,126.879997,127.029999,30268900,124.481118,-0.008430266,-0.506239992,,
22-06-15,127.489998,128.059998,127.080002,127.610001,34039300,125.049482,0.004565865,0.303839945,,
19-06-15,127.709999,127.82,126.400002,126.599998,54716900,124.059746,-0.007914755,-0.474106928,,
18-06-15,127.230003,128.309998,127.220001,127.879997,35407200,125.314061,0.010110572,0.649454775,,
17-06-15,127.720001,127.879997,126.739998,127.300003,32918100,124.745705,-0.004535453,-0.263466948,,
16-06-15,127.029999,127.849998,126.370003,127.599998,31494100,125.03968,0.002356594,0.166130804,,
15-06-15,126.099998,127.239998,125.709999,126.919998,43988900,124.373324,-0.005329156,-0.312940389,,
12-06-15,128.190002,128.330002,127.110001,127.169998,36886200,124.618308,0.001969747,0.142017705,,
11-06-15,129.179993,130.179993,128.479996,128.589996,35390900,126.009814,0.011166144,0.715251111,,
10-06-15,127.919998,129.339996,127.849998,128.880005,39087300,126.294003,0.002255293,0.159816435,,
09-06-15,126.699997,128.080002,125.620003,127.419998,56075400,124.863292,-0.011328416,-0.68688858,,
08-06-15,128.899994,129.210007,126.830002,127.800003,52674800,125.235672,0.002982302,0.205132646,,
05-06-15,129.5,129.690002,128.360001,128.649994,35626800,126.068608,0.006650948,0.433808169,,
04-06-15,129.580002,130.580002,128.910004,129.360001,38450100,126.764368,0.0055189,0.363244863,,
03-06-15,130.660004,130.940002,129.899994,130.119995,30889400,127.509113,0.005875034,0.38544358,,
02-06-15,129.860001,130.660004,129.320007,129.960007,33667600,127.352335,-0.001229543,-0.057401726,,
01-06-15,130.279999,131.389999,130.050003,130.539993,32112800,127.920684,0.004462808,0.297416136,,
29-05-15,131.229996,131.449997,129.899994,130.279999,50884500,127.665906,-0.001991687,-0.10490797,,
28-05-15,131.860001,131.949997,131.100006,131.779999,30733300,129.135808,0.011513661,0.73691268,,
27-05-15,130.339996,132.259995,130.050003,132.039993,45833200,129.390586,0.001972946,0.142217109,,
26-05-15,132.600006,132.910004,129.119995,129.619995,70697600,127.019145,-0.018327771,-1.123175091,,
22-05-15,131.600006,132.970001,131.399994,132.539993,45596000,129.880553,0.022527376,1.423423818,,
21-05-15,130.070007,131.630005,129.830002,131.389999,39730400,128.753634,-0.00867658,-0.521593303,,
20-05-15,130,130.979996,129.339996,130.059998,36454900,127.450319,-0.010122549,-0.611724025,,
19-05-15,130.690002,130.880005,129.639999,130.070007,44633200,127.460128,7.69633E-05,0.024035966,,
18-05-15,128.380005,130.720001,128.360001,130.190002,50882900,127.577716,0.000922547,0.076743238,,
15-05-15,129.070007,129.490005,128.210007,128.770004,38208000,126.18621,-0.010907124,-0.66062846,,
14-05-15,127.410004,128.949997,127.160004,128.949997,45203500,126.362591,0.001397783,0.106365843,,
13-05-15,126.150002,127.190002,125.870003,126.010002,34694200,123.481588,-0.022799493,-1.401908219,,
12-05-15,125.599998,126.879997,124.82,125.870003,48160000,123.344397,-0.001111024,-0.050014119,,
11-05-15,127.389999,127.559998,125.629997,126.32,42035800,123.785365,0.003575096,0.242082905,,
08-05-15,126.68,127.620003,126.110001,127.620003,55550400,125.059283,0.010291346,0.660722836,,
07-05-15,124.769997,126.080002,124.019997,125.260002,43940900,122.746637,-0.018492398,-1.133436682,,
06-05-15,126.559998,126.75,123.360001,125.010002,72141000,121.992082,-0.006147256,-0.363934498,,
05-05-15,128.149994,128.449997,125.779999,125.800003,49271400,122.763011,0.0063195,0.413148214,,
04-05-15,129.5,130.570007,128.259995,128.699997,50988300,125.592995,0.023052416,1.456150835,,
01-05-15,126.099998,130.130005,125.300003,128.949997,58512600,125.83696,0.001942505,0.140319626,,
30-04-15,128.639999,128.639999,124.580002,125.150002,83195400,122.128701,-0.029468759,-1.817619486,,
29-04-15,130.160004,131.589996,128.300003,128.639999,63386100,125.534446,0.027886524,1.757472363,,
28-04-15,134.460007,134.539993,129.570007,130.559998,118924000,127.408092,0.014925354,0.949571617,,
27-04-15,132.309998,133.130005,131.149994,132.649994,96954200,129.447633,0.016007939,1.017051767,,
24-04-15,130.490005,130.630005,129.229996,130.279999,44525900,127.134853,-0.01786653,-1.094424842,,
23-04-15,128.300003,130.419998,128.139999,129.669998,45770900,126.539579,-0.004682225,-0.272615621,,
22-04-15,126.989998,128.869995,126.32,128.619995,37654500,125.514924,-0.008097506,-0.485498241,,
21-04-15,128.100006,128.199997,126.669998,126.910004,32435100,123.846215,-0.013294905,-0.809464545,,
20-04-15,125.57,128.119995,125.169998,127.599998,47054300,124.519552,0.00543688,0.358132376,,
17-04-15,125.550003,126.139999,124.459999,124.75,51957000,121.738357,-0.022335408,-1.372980697,,
16-04-15,126.279999,127.099998,126.110001,126.169998,28369000,123.124074,0.011382748,0.728752521,,
15-04-15,126.410004,127.129997,126.010002,126.779999,28970400,123.719348,0.004834749,0.32060012,,
14-04-15,127,127.290001,125.910004,126.300003,25524600,123.25094,-0.003786053,-0.216755068,,
13-04-15,128.369995,128.570007,126.610001,126.849998,36365100,123.787658,0.004354677,0.290676065,,
10-04-15,125.949997,127.209999,125.260002,127.099998,40188000,124.031623,0.001970835,0.142085489,,
09-04-15,125.849998,126.580002,124.660004,126.559998,32484000,123.504658,-0.004248634,-0.245588866,,
08-04-15,125.849998,126.400002,124.970001,125.599998,37329200,122.567835,-0.007585325,-0.45357279,,
07-04-15,127.639999,128.119995,125.980003,126.010002,35012300,122.96794,0.003264356,0.222713744,,
06-04-15,124.470001,127.510002,124.330002,127.349998,37194000,124.275587,0.010634048,0.682084294,,
02-04-15,125.029999,125.559998,124.190002,125.32,32220100,122.294596,-0.015940307,-0.974358764,,
01-04-15,124.82,125.120003,123.099998,124.25,40621400,121.250427,-0.008538145,-0.512964326,,
31-03-15,126.089996,126.489998,124.360001,124.43,42090600,121.426082,0.001448696,0.109539337,,
30-03-15,124.050003,126.400002,124,126.370003,47099700,123.31925,0.015591115,0.991070109,,
27-03-15,124.57,124.699997,122.910004,123.25,39546200,120.274569,-0.024689422,-1.519712012,,
26-03-15,122.760002,124.879997,122.599998,124.239998,47572900,121.240667,0.008032438,0.519919704,,
25-03-15,126.540001,126.82,123.379997,123.379997,51655200,120.401428,-0.006922092,-0.412231851,,
24-03-15,127.230003,128.039993,126.559998,126.690002,32842300,123.631525,0.02682773,1.691475177,,
23-03-15,127.120003,127.849998,126.519997,127.209999,37709700,124.138968,0.004104479,0.275080643,,
20-03-15,128.25,128.399994,125.160004,125.900002,68695100,122.860595,-0.010297919,-0.622655223,,
19-03-15,128.75,129.25,127.400002,127.5,45809500,124.421968,0.012708493,0.81138939,,
18-03-15,127,129.160004,126.370003,128.470001,65270900,125.368552,0.007607853,0.493454294,,
17-03-15,125.900002,127.32,125.650002,127.040001,51023100,123.973074,-0.011131005,-0.674583493,,
16-03-15,123.879997,124.949997,122.870003,124.949997,35874300,121.933525,-0.016451548,-1.006225653,,
13-03-15,124.400002,125.400002,122.580002,123.589996,51827300,120.606357,-0.010884357,-0.659209315,,
12-03-15,122.309998,124.900002,121.629997,124.449997,48362700,121.445596,0.006958497,0.452978418,,
11-03-15,124.75,124.769997,122.110001,122.239998,68939000,119.288949,-0.017758133,-1.087668184,,
10-03-15,126.410004,127.220001,123.800003,124.510002,68856600,121.504153,0.018570069,1.176755428,,
09-03-15,127.959999,129.570007,125.059998,127.139999,88528500,124.070658,0.021122776,1.335871759,,
06-03-15,128.399994,129.369995,126.260002,126.599998,72842100,123.543693,-0.004247298,-0.245505547,,
05-03-15,128.580002,128.75,125.760002,126.410004,56517100,123.358285,-0.001500748,-0.074306576,,
04-03-15,129.100006,129.559998,128.320007,128.539993,31666300,125.436854,0.016849853,1.069530277,,
03-03-15,128.960007,129.520004,128.089996,129.360001,37816300,126.237065,0.006379393,0.416881474,,
02-03-15,129.25,130.279999,128.300003,129.089996,48096700,125.973579,-0.002087232,-0.110863479,,
27-02-15,130,130.570007,128.240005,128.460007,62014800,125.358798,-0.004880238,-0.284958215,,
26-02-15,128.789993,130.869995,126.610001,130.419998,91287500,127.271473,0.015257605,0.970281627,,
25-02-15,131.559998,131.600006,128.149994,128.789993,74711700,125.680819,-0.012498119,-0.759798958,,
24-02-15,132.940002,133.600006,131.169998,132.169998,69228100,128.979225,0.026244307,1.655109029,,
23-02-15,130.020004,133,129.660004,133,70974100,129.78919,0.00627981,0.410674209,,
20-02-15,128.619995,129.5,128.050003,129.5,48948400,126.373685,-0.026315789,-1.621087385,,
19-02-15,128.479996,129.029999,128.330002,128.449997,37362400,125.34903,-0.008108136,-0.486160822,,
18-02-15,127.629997,128.779999,127.449997,128.720001,44891700,125.612516,0.002102019,0.150262504,,
17-02-15,127.489998,128.880005,126.919998,127.830002,63152400,124.744003,-0.006914223,-0.41174141,,
13-02-15,127.279999,127.279999,125.650002,127.080002,54272200,124.012109,-0.005867168,-0.346475932,,
12-02-15,126.059998,127.480003,125.57,126.459999,74474500,123.407074,-0.004878838,-0.284870978,,
11-02-15,122.769997,124.919998,122.5,124.879997,73561800,121.865215,-0.012494089,-0.759547783,,
10-02-15,120.169998,122.150002,120.160004,122.019997,62008500,119.074259,-0.022901991,-1.408297139,,
09-02-15,118.550003,119.839996,118.43,119.720001,38889800,116.829789,-0.01884933,-1.155685123,,
06-02-15,120.019997,120.25,118.449997,118.93,43706600,116.05886,-0.006598737,-0.39207636,,
05-02-15,120.019997,120.230003,119.25,119.940002,42246200,117.044479,0.008492406,0.54859064,,
04-02-15,118.5,120.510002,118.309998,119.559998,70149700,116.214997,-0.007086896,-0.422504478,,
03-02-15,118.5,119.089996,117.610001,118.650002,51915700,115.330461,-0.007611204,-0.455185848,,
02-02-15,118.050003,119.169998,116.080002,118.629997,62739100,115.311016,-0.000168602,0.008729264,,
30-01-15,118.400002,120,116.849998,117.160004,83745500,113.88215,-0.012391409,-0.753147497,,
29-01-15,116.32,119.190002,115.559998,118.900002,84436400,115.573467,0.014851467,0.94496609,,
28-01-15,117.629997,118.120003,115.309998,115.309998,146477100,112.083902,-0.030193479,-1.862793013,,
27-01-15,112.419998,112.480003,109.029999,109.139999,95568700,106.086526,-0.053507916,-3.316037603,,
26-01-15,113.739998,114.360001,112.800003,113.099998,55615000,109.935734,0.036283665,2.28088622,,
23-01-15,112.300003,113.75,111.529999,112.980003,46464800,109.819096,-0.001060965,-0.046893845,,
22-01-15,110.260002,112.470001,109.720001,112.400002,53796400,109.255321,-0.00513367,-0.300755261,,
21-01-15,108.949997,111.059998,108.269997,109.550003,48575900,106.485058,-0.025355863,-1.561252902,,
20-01-15,107.839996,108.970001,106.5,108.720001,49899900,105.678278,-0.007576462,-0.453020326,,
16-01-15,107.029999,107.580002,105.199997,105.989998,78513300,103.024654,-0.025110402,-1.545952678,,
15-01-15,110,110.059998,106.660004,106.82,60014000,103.831434,0.007830941,0.507359932,,
14-01-15,109.040001,110.489998,108.5,109.800003,48337000,106.728064,0.027897428,1.758152038,,
13-01-15,111.43,112.800003,108.910004,110.220001,67091900,107.136312,0.003825123,0.257667732,,
12-01-15,112.599998,112.629997,108.800003,109.25,49650800,106.193449,-0.008800592,-0.529323289,,
09-01-15,112.669998,113.25,110.209999,112.010002,53699500,108.876233,0.025263178,1.59395291,,
08-01-15,109.230003,112.150002,108.699997,111.889999,59364500,108.759587,-0.001071363,-0.047541976,,
07-01-15,107.199997,108.199997,106.699997,107.75,40105900,104.735415,-0.037000619,-2.287098319,,
06-01-15,106.540001,107.43,104.629997,106.260002,65797100,103.287104,-0.013828283,-0.84271129,,
05-01-15,108.290001,108.650002,105.410004,106.25,64285500,103.277382,-9.4126E-05,0.013371561,,
02-01-15,111.389999,111.440002,107.349998,109.330002,53204600,106.271212,0.028988244,1.826145209,,
31-12-14,112.82,113.129997,110.209999,110.379997,41403400,107.291831,0.009603909,0.617873227,,
30-12-14,113.639999,113.919998,112.110001,112.519997,29881500,109.371959,0.019387571,1.227712293,,
29-12-14,113.790001,114.769997,113.699997,113.910004,27598900,110.723077,0.012353422,0.789256992,,
26-12-14,112.099998,114.519997,112.010002,113.989998,33721000,110.800833,0.000702256,0.063011984,,
24-12-14,112.580002,112.709999,112.010002,112.010002,14479600,108.876233,-0.017369906,-1.06346906,,
23-12-14,113.230003,113.330002,112.459999,112.540001,26028400,109.391403,0.004731703,0.314177014,,
22-12-14,112.160004,113.489998,111.970001,112.940002,45167500,109.780214,0.00355431,0.240787318,,
19-12-14,112.260002,113.239998,111.660004,111.779999,88429800,108.652664,-0.010270977,-0.620975852,,
18-12-14,111.870003,112.650002,110.660004,112.650002,59006200,109.498326,0.007783169,0.504382154,,
17-12-14,107.120003,109.839996,106.82,109.410004,53411800,106.348976,-0.028761627,-1.773542277,,
16-12-14,106.370003,110.160004,106.260002,106.75,60790700,103.763393,-0.024312251,-1.496202045,,
15-12-14,110.699997,111.599998,106.349998,108.230003,67218100,105.201989,0.013864196,0.883427114,,
12-12-14,110.459999,111.870003,109.580002,109.730003,56028100,106.660023,0.013859377,0.88312673,,
11-12-14,112.260002,113.800003,111.339996,111.620003,41401700,108.497145,0.017224092,1.092857443,,
10-12-14,114.410004,114.849998,111.540001,111.949997,44565300,108.817906,0.0029564,0.203518158,,
09-12-14,110.190002,114.300003,109.349998,114.120003,60208000,110.927201,0.019383712,1.227471776,,
08-12-14,114.099998,114.650002,111.620003,112.400002,57664900,109.255321,-0.015071867,-0.920226817,,
05-12-14,115.989998,116.080002,114.639999,115,38318900,111.782578,0.023131661,1.461090337,,
04-12-14,115.769997,117.199997,115.290001,115.489998,42044500,112.258867,0.004260852,0.284827734,,
03-12-14,115.75,116.349998,115.110001,115.93,43063400,112.686559,0.003809873,0.256717132,,
02-12-14,113.5,115.75,112.75,114.629997,59348900,111.422927,-0.011213689,-0.679737359,,
01-12-14,118.809998,119.25,111.269997,115.07,83814000,111.850619,0.003838456,0.258498792,,
28-11-14,119.269997,119.400002,118.050003,118.93,24814400,115.602626,0.033544803,2.1101664,,
26-11-14,117.940002,119.099998,117.830002,119,40768300,115.670667,0.000588577,0.055926044,,
25-11-14,119.07,119.75,117.449997,117.599998,68840400,114.309834,-0.01176472,-0.714084448,,
24-11-14,116.849998,118.769997,116.620003,118.629997,47450800,115.311016,0.008758494,0.565176522,,
21-11-14,117.510002,117.57,116.029999,116.470001,57179300,113.211452,-0.018207835,-1.115699233,,
20-11-14,114.910004,116.860001,114.849998,116.309998,43395500,113.055925,-0.001373774,-0.066391986,,
19-11-14,115.440002,115.739998,113.800003,114.669998,41869200,111.461808,-0.014100252,-0.859663725,,
18-11-14,113.940002,115.690002,113.889999,115.470001,44224000,112.239429,0.006976569,0.454104879,,
17-11-14,114.269997,117.279999,113.300003,113.989998,46746700,110.800833,-0.012817207,-0.779688485,,
14-11-14,113.150002,114.190002,111.209999,114.18,44063600,110.98552,0.001666838,0.123136632,,
13-11-14,111.800003,113.449997,111.599998,112.82,59522900,109.663568,-0.011911031,-0.723204384,,
12-11-14,109.379997,111.43,109.370003,111.25,46942400,108.137494,-0.013915962,-0.848176482,,
11-11-14,108.699997,109.75,108.400002,109.699997,27442300,106.630856,-0.013932614,-0.849214488,,
10-11-14,109.019997,109.330002,108.669998,108.830002,27195500,105.785201,-0.007930678,-0.475099462,,
07-11-14,108.75,109.32,108.550003,109.010002,33691500,105.960165,0.001653955,0.122333648,,
06-11-14,108.599998,108.790001,107.800003,108.699997,34968500,105.658833,-0.002843823,-0.158023652,,
05-11-14,109.099998,109.300003,108.129997,108.860001,37435900,105.357507,-0.002851877,-0.158525653,,
04-11-14,109.360001,109.489998,107.720001,108.599998,41574400,105.105871,-0.002388401,-0.129636098,,
03-11-14,108.220001,110.300003,108.010002,109.400002,52282600,105.880134,0.007366506,0.478410563,,
31-10-14,108.010002,108.040001,107.209999,108,44639300,104.525177,-0.012797084,-0.778434186,,
30-10-14,106.959999,107.349998,105.900002,106.980003,40654800,103.537998,-0.009444414,-0.569454208,,
29-10-14,106.650002,107.370003,106.360001,107.339996,52687900,103.886408,0.003365045,0.228989941,,
28-10-14,105.400002,106.739998,105.349998,106.739998,48060900,103.305714,-0.005589701,-0.329180787,,
27-10-14,104.849998,105.480003,104.699997,105.110001,34187700,101.728161,-0.015270724,-0.932622032,,
24-10-14,105.18,105.489998,104.529999,105.220001,47053900,101.834622,0.001046524,0.084471023,,
23-10-14,104.080002,105.050003,103.629997,104.830002,71074700,101.457171,-0.00370651,-0.21179694,,
22-10-14,102.839996,104.110001,102.599998,102.989998,68263100,99.676368,-0.017552264,-1.07483587,,
21-10-14,103.019997,103.019997,101.269997,102.470001,94623900,99.173102,-0.005049,-0.295477588,,
20-10-14,98.32,99.959999,98.220001,99.760002,77517300,96.550295,-0.026446758,-1.629250948,,
17-10-14,97.5,99,96.809998,97.669998,68179700,94.527535,-0.020950324,-1.286645125,,
16-10-14,95.550003,97.720001,95.410004,96.260002,72154500,93.162905,-0.014436323,-0.880611834,,
15-10-14,97.970001,99.150002,95.18,97.540001,100933600,94.401721,0.01329731,0.848091747,,
14-10-14,100.389999,100.519997,98.57,98.75,63688600,95.572789,0.012405155,0.792481626,,
13-10-14,101.330002,101.779999,99.809998,99.809998,53583400,96.598682,0.010734154,0.688324105,,
10-10-14,100.690002,102.029999,100.300003,100.730003,66331600,97.489087,0.009217569,0.59379175,,
09-10-14,101.540001,102.379997,100.610001,101.019997,77376500,97.76975,0.002878917,0.198688441,,
08-10-14,98.760002,101.110001,98.309998,100.800003,57404700,97.556835,-0.002177719,-0.116503744,,
07-10-14,99.43,100.120003,98.730003,98.75,42094200,95.572789,-0.020337335,-1.248436009,,
06-10-14,99.949997,100.650002,99.419998,99.620003,37051200,96.4148,0.008810154,0.568396617,,
03-10-14,99.440002,100.209999,99.040001,99.620003,43469600,96.4148,0,0.019238658,,
02-10-14,99.269997,100.220001,98.040001,99.900002,47757800,96.68579,0.002810668,0.194434316,,
01-10-14,100.589996,100.690002,98.699997,99.18,51491300,95.988954,-0.007207222,-0.430004742,,
30-09-14,100.809998,101.540001,100.529999,100.75,55264100,97.50844,0.015829801,1.005947956,,
29-09-14,98.650002,100.440002,98.629997,100.110001,49766300,96.889032,-0.006352353,-0.376718664,,
26-09-14,98.529999,100.75,98.400002,100.75,62370500,97.50844,0.006392963,0.417727321,,
25-09-14,100.510002,100.709999,97.720001,97.870003,100092000,94.721105,-0.028585577,-1.762568653,,
24-09-14,102.160004,102.849998,101.199997,101.75,60171800,98.476266,0.039644396,2.490368599,,
23-09-14,100.599998,102.940002,100.540001,102.639999,63402200,99.33763,0.00874692,0.564455071,,
22-09-14,101.800003,102.139999,100.580002,101.059998,52788400,97.808464,-0.015393623,-0.940282632,,
19-09-14,102.290001,102.349998,100.5,100.959999,70902400,97.711683,-0.000989495,-0.042438939,,
18-09-14,101.93,102.349998,101.559998,101.790001,37299400,98.51498,0.008221095,0.531679137,,
17-09-14,101.269997,101.800003,100.589996,101.580002,60926500,98.311737,-0.002063067,-0.109357235,,
16-09-14,99.800003,101.260002,98.889999,100.860001,66908100,97.614902,-0.007088014,-0.422574212,,
15-09-14,102.809998,103.050003,101.440002,101.629997,61316500,98.360124,0.007634306,0.495103174,,
12-09-14,101.209999,102.190002,101.080002,101.660004,62626100,98.389165,0.000295252,0.037642406,,
11-09-14,100.410004,101.440002,99.620003,101.43,62353100,98.166562,-0.002262475,-0.121786798,,
10-09-14,98.010002,101.110001,97.760002,101,100869600,97.750397,-0.004239376,-0.245011799,,
09-09-14,99.080002,103.080002,96.139999,97.989998,189846300,94.837239,-0.029802007,-1.838391644,,
08-09-14,99.300003,99.309998,98.050003,98.360001,46356700,95.195338,0.003775932,0.254601546,,
05-09-14,98.800003,99.389999,98.309998,98.970001,58457000,95.785712,0.006201711,0.405806141,,
04-09-14,98.849998,100.089996,97.790001,98.120003,85718000,94.963061,-0.008588452,-0.516100085,,
03-09-14,103.099998,103.199997,98.580002,98.940002,125421000,95.756678,0.008357113,0.540157461,,
02-09-14,103.059998,103.739998,102.720001,103.300003,53564000,99.976399,0.04406712,2.766047539,,
29-08-14,102.860001,102.900002,102.199997,102.5,44595000,99.202135,-0.007744468,-0.463492524,,
28-08-14,101.589996,102.779999,101.559998,102.25,68460000,98.960179,-0.00243902,-0.132791292,,
27-08-14,101.019997,102.57,100.699997,102.129997,52369000,98.844037,-0.001173624,-0.053916104,,
26-08-14,101.419998,101.5,100.860001,100.889999,33152000,97.643935,-0.01214137,-0.737561931,,
25-08-14,101.790001,102.169998,101.279999,101.540001,40270000,98.273024,0.006442684,0.420826536,,
22-08-14,100.290001,101.470001,100.190002,101.32,44184000,98.060101,-0.002166647,-0.115813657,,
21-08-14,100.57,100.940002,100.110001,100.580002,33478000,97.343912,-0.007303572,-0.436010432,,
20-08-14,100.440002,101.089996,99.949997,100.57,52699000,97.334231,-9.94515E-05,0.013039607,,
19-08-14,99.410004,100.68,99.32,100.529999,69399000,97.295518,-0.000397733,-0.005552967,,
18-08-14,98.489998,99.370003,97.980003,99.160004,47572000,95.969601,-0.013627729,-0.830210286,,
15-08-14,97.900002,98.190002,96.860001,97.980003,48951000,94.827566,-0.011899966,-0.722514666,,
14-08-14,97.330002,97.57,96.800003,97.5,28116000,94.363007,-0.004898987,-0.2861269,,
13-08-14,96.150002,97.239998,96.040001,97.239998,31916000,94.11137,-0.002666691,-0.146982576,,
12-08-14,96.040001,96.879997,95.610001,95.970001,33795000,92.882235,-0.01306043,-0.79484918,,
11-08-14,95.269997,96.080002,94.839996,95.989998,36585000,92.901588,0.000208361,0.032226274,,
08-08-14,94.260002,94.82,93.279999,94.739998,41865000,91.691806,-0.013022189,-0.792465475,,
07-08-14,94.93,95.949997,94.099998,94.480003,46711000,91.440176,-0.002744302,-0.151820239,,
06-08-14,94.75,95.480003,94.709999,94.959999,38558000,91.449852,0.000105818,0.025834536,,
05-08-14,95.360001,95.68,94.360001,95.120003,55933000,91.603942,0.001684967,0.12426669,,
04-08-14,96.370003,96.580002,95.169998,95.589996,39958000,92.056562,0.004941054,0.327226345,,
01-08-14,94.900002,96.620003,94.809998,96.129997,48511000,92.576602,0.005649136,0.371362779,,
31-07-14,97.160004,97.449997,95.330002,95.599998,56843000,92.066195,-0.005513348,-0.324421482,,
30-07-14,98.440002,98.699997,97.669998,98.150002,33010000,94.521938,0.026673667,1.681872044,,
29-07-14,99.330002,99.440002,98.25,98.379997,43143000,94.743432,0.002343308,0.165302637,,
28-07-14,97.82,99.239998,97.550003,99.019997,55318000,95.359774,0.00650538,0.424734521,,
25-07-14,96.849998,97.839996,96.639999,97.669998,43469000,94.059678,-0.013633589,-0.830575546,,
24-07-14,97.040001,97.32,96.419998,97.029999,45729000,93.443336,-0.00655267,-0.389204901,,
23-07-14,95.419998,97.879997,95.169998,97.190002,92918000,93.597425,0.00164901,0.122025395,,
22-07-14,94.68,94.889999,94.120003,94.720001,55197000,91.218726,-0.02541415,-1.564886043,,
21-07-14,94.989998,95,93.720001,93.940002,39079000,90.467559,-0.008234789,-0.494055445,,
18-07-14,93.620003,94.739998,93.019997,94.43,49988000,90.939445,0.00521608,0.344369372,,
17-07-14,95.029999,95.279999,92.57,93.089996,57298000,89.648973,-0.014190454,-0.865286242,,
16-07-14,96.970001,97.099998,94.739998,94.779999,53396300,91.276506,0.018154508,1.150852526,,
15-07-14,96.800003,96.849998,95.029999,95.32,45477900,91.796546,0.005697414,0.374372058,,
14-07-14,95.860001,96.889999,95.650002,96.449997,42810000,92.884773,0.011854771,0.758174842,,
11-07-14,95.360001,95.889999,94.860001,95.220001,34018000,91.700244,-0.012752672,-0.775665832,,
10-07-14,93.760002,95.550003,93.519997,95.040001,39686000,91.526897,-0.001890366,-0.098592356,,
09-07-14,95.440002,95.949997,94.760002,95.389999,36436000,91.863958,0.003682644,0.248786674,,
08-07-14,96.269997,96.800003,93.919998,95.349998,65222000,91.825436,-0.000419337,-0.006899649,,
07-07-14,94.139999,95.989998,94.099998,95.970001,56468000,92.42252,0.006502381,0.424547624,,
03-07-14,93.669998,94.099998,93.199997,94.029999,22891800,90.554229,-0.020214673,-1.240790202,,
02-07-14,93.870003,94.059998,93.089996,93.480003,28465000,90.024564,-0.005849147,-0.345352654,,
01-07-14,93.519997,94.07,93.129997,93.519997,38223000,90.063079,0.000427828,0.04590618,,
30-06-14,92.099998,93.730003,92.089996,92.93,49482300,89.494892,-0.006308767,-0.374001878,,
27-06-14,90.82,92,90.769997,91.980003,64029000,88.580011,-0.010222718,-0.617967753,,
26-06-14,90.370003,91.050003,89.800003,90.900002,32629000,87.539931,-0.011741701,-0.712649621,,
25-06-14,90.209999,90.699997,89.650002,90.360001,36869000,87.019891,-0.005940603,-0.351053339,,
24-06-14,90.75,91.739998,90.190002,90.279999,39036000,86.942846,-0.000885372,-0.035948712,,
23-06-14,91.32,91.620003,90.599998,90.830002,43694000,87.472518,0.006092186,0.398979177,,
20-06-14,91.849998,92.550003,90.900002,90.910004,100898000,87.549563,0.000880791,0.074140461,,
19-06-14,92.290001,92.300003,91.339996,91.860001,35528000,88.464444,0.010449864,0.670603634,,
18-06-14,92.269997,92.290001,91.349998,92.18,33514000,88.772615,0.003483558,0.236377138,,
17-06-14,92.309998,92.699997,91.800003,92.080002,29726000,88.676313,-0.001084817,-0.048380548,,
16-06-14,91.510002,92.75,91.449997,92.199997,35561000,88.791872,0.001303155,0.100467437,,
13-06-14,92.199997,92.440002,90.879997,91.279999,54525000,87.905881,-0.009978289,-0.602731968,,
12-06-14,94.040001,94.120003,91.900002,92.290001,54749000,88.878549,0.01106488,0.708939052,,
11-06-14,94.129997,94.760002,93.470001,93.860001,45681000,90.390515,0.017011596,1.07961211,,
10-06-14,94.730003,95.050003,93.57,94.25,62777000,90.766098,0.004155115,0.278236916,,
09-06-14,92.699997,93.879997,91.75,93.699997,75415000,90.236426,-0.005835571,-0.344506421,,
06-06-14,649.900002,651.259979,644.470024,645.570023,87484600,88.815266,-0.015749294,-0.96245247,,
05-06-14,646.199997,649.370003,642.610008,647.349983,75951400,89.060147,0.002757195,0.191101206,,
04-06-14,637.44001,647.890022,636.109993,644.819992,83870500,88.71208,-0.003908224,-0.22437028,,
03-06-14,628.459991,638.740013,628.25,637.539986,73177300,87.710522,-0.011289984,-0.684493049,,
02-06-14,633.959984,634.830017,622.500015,628.650009,92337700,86.48747,-0.013944188,-0.849935895,,
30-05-14,637.979996,644.169991,628.900002,633.000015,141005200,87.085929,0.006919603,0.45055408,,
29-05-14,627.849991,636.87001,627.769989,635.37999,94118500,87.413357,0.003759827,0.25359764,,
28-05-14,626.019989,629.830009,623.779991,624.01001,78870400,85.849115,-0.017894771,-1.096185176,,
27-05-14,615.879997,625.859985,615.630005,625.63002,87216500,86.071991,0.002596136,0.181062035,,
23-05-14,607.25,614.730011,606.470009,614.129997,58052400,84.489858,-0.018381508,-1.126524667,,
22-05-14,606.599998,609.850006,604.100021,607.269974,50190000,83.54608,-0.011170311,-0.677033527,,
21-05-14,603.830002,606.699974,602.059975,606.310005,49214900,83.41401,-0.001580804,-0.079296649,,
20-05-14,604.510017,606.399994,600.730011,604.710022,58709000,83.19389,-0.002638885,-0.145249365,,
19-05-14,597.849998,607.330002,597.329987,604.590019,79438800,83.177381,-0.00019844,0.006869415,,
16-05-14,588.629974,597.529991,585.399994,597.510017,69064100,82.203339,-0.011710419,-0.710699755,,
15-05-14,594.70002,596.599983,588.040001,588.819992,57711500,81.007796,-0.014543728,-0.88730666,,
14-05-14,592.430008,597.400002,591.740005,593.869987,41601000,81.702556,0.008576458,0.553829811,,
13-05-14,591.999985,594.540016,590.699982,593.760025,39934300,81.687428,-0.000185159,0.007697228,,
12-05-14,587.489975,593.659996,587.399986,592.830017,53302200,81.559481,-0.0015663,-0.07839255,,
09-05-14,584.540001,586.25,580.330025,585.540024,72899400,80.556549,-0.012296939,-0.747258963,,
08-05-14,588.249992,594.410027,586.400017,587.990013,57574300,80.89361,0.004184154,0.28004697,,
07-05-14,595.249992,597.289986,587.72998,592.329979,70716100,81.038059,0.001785666,0.130543511,,
06-05-14,601.799995,604.409988,594.410027,594.410027,93641100,81.322635,0.003511634,0.238127194,,
05-05-14,590.140022,600.999977,589.999992,600.959976,71766800,82.21875,0.011019257,0.706095268,,
02-05-14,592.340019,594.199982,589.709999,592.580025,47878600,81.072269,-0.013944277,-0.84994143,,
01-05-14,591.999985,594.799995,586.360016,591.480026,61012000,80.921775,-0.001856294,-0.096468608,,
30-04-14,592.639999,599.430008,589.799988,590.089981,114160200,80.7316,-0.002350109,-0.127249258,,
29-04-14,593.739998,595.979996,589.509995,592.329979,84344400,81.038059,0.003796023,0.255853835,,
28-04-14,572.800026,595.749977,572.54998,594.090019,167371400,81.278855,0.002971394,0.204452745,,
25-04-14,564.529984,571.990021,563.959984,571.93998,97568800,78.248455,-0.03728399,-2.304761521,,
24-04-14,568.210014,570.000015,560.730003,567.770004,189977900,77.677951,-0.00729093,-0.435222425,,
23-04-14,529.060013,531.13002,524.449974,524.750008,98735000,71.792284,-0.075770111,-4.703693448,,
22-04-14,528.309982,531.830009,526.500008,531.70002,50640800,72.743132,0.013244432,0.844795734,,
21-04-14,525.339981,532.139977,523.959976,531.170021,45637200,72.670621,-0.000996809,-0.042894821,,
17-04-14,519.999992,527.76001,519.199974,524.940025,71083600,71.818281,-0.011728811,-0.711846177,,
16-04-14,518.049988,521.090004,514.139992,519.01001,53691400,71.006982,-0.011296553,-0.68490247,,
15-04-14,520.270012,521.639977,511.329994,517.959999,66622500,70.863327,-0.002023111,-0.106866679,,
14-04-14,521.900009,522.159988,517.210022,521.679977,51418500,71.372266,0.00718198,0.466908636,,
11-04-14,519.000023,522.830017,517.140007,519.610023,67929400,71.089071,-0.003967858,-0.228087398,,
10-04-14,530.680023,532.240005,523.169998,523.480019,59913000,71.618534,0.007447882,0.48348293,,
09-04-14,522.639999,530.490005,522.020012,530.320015,51542400,72.55433,0.013066394,0.833698235,,
08-04-14,525.190018,526.120026,518.699989,523.440018,60972100,71.613061,-0.012973299,-0.789418055,,
07-04-14,528.019989,530.900002,521.890022,523.469978,72462600,71.61716,5.72382E-05,0.02280645,,
04-04-14,539.810005,540.000023,530.579994,531.820023,68812800,72.75955,0.015951345,1.013524086,,
03-04-14,541.390015,542.5,537.640022,538.790009,40586000,73.71313,0.013105908,0.836161249,,
02-04-14,542.379997,543.479996,540.260002,542.549988,45105200,74.227541,0.006978553,0.454228556,,
01-04-14,537.760025,541.870026,536.769989,541.649994,50190000,74.104411,-0.001658818,-0.084159448,,
